Miami-Dade County, Florida, Average Temperature
Units: Degrees Fahrenheit
Base Period: 1895-2020
Missing: -99
Date,Value,Anomaly
189501,66.7,0.7
189502,59.5,-7.6
189503,69.5,-0.5
189504,71.7,-1.7
189505,77.8,0.8
189506,80.6,0.1
189507,81.8,0.0
189508,82.2,0.0
189509,80.9,-0.2
189510,76.1,-1.4
189511,71.6,-0.2
189512,64.4,-3.1
189601,62.1,-3.9
189602,63.6,-3.5
189603,68.4,-1.6
189604,73.1,-0.3
189605,77.4,0.4
189606,80.7,0.2
189607,81.4,-0.4
189608,83.0,0.8
189609,80.7,-0.4
189610,75.8,-1.7
189611,75.8,4.0
189612,64.8,-2.7
189701,62.0,-4.0
189702,70.1,3.0
189703,74.5,4.5
189704,73.2,-0.2
189705,75.1,-1.9
189706,81.7,1.2
189707,81.9,0.1
189708,82.1,-0.1
189709,79.4,-1.7
189710,75.7,-1.8
189711,72.3,0.5
189712,66.9,-0.6
189801,66.9,0.9
189802,63.7,-3.4
189803,72.7,2.7
189804,71.8,-1.6
189805,77.0,0.0
189806,81.7,1.2
189807,81.7,-0.1
189808,81.2,-1.0
189809,81.8,0.7
189810,76.1,-1.4
189811,73.0,1.2
189812,65.2,-2.3
189901,68.1,2.1
189902,67.4,0.3
189903,71.3,1.3
189904,71.2,-2.2
189905,79.4,2.4
189906,80.8,0.3
189907,80.9,-0.9
189908,82.9,0.7
189909,80.1,-1.0
189910,77.2,-0.3
189911,70.6,-1.2
189912,66.5,-1.0
190001,63.1,-2.9
190002,65.8,-1.3
190003,68.4,-1.6
190004,72.8,-0.6
190005,76.5,-0.5
190006,80.6,0.1
190007,82.2,0.4
190008,82.2,0.0
190009,81.8,0.7
190010,79.7,2.2
190011,70.1,-1.7
190012,65.4,-2.1
190101,64.4,-1.6
190102,63.2,-3.9
190103,66.8,-3.2
190104,68.6,-4.8
190105,76.0,-1.0
190106,80.4,-0.1
190107,81.9,0.1
190108,80.9,-1.3
190109,81.1,0.0
190110,77.1,-0.4
190111,65.0,-6.8
190112,64.4,-3.1
190201,61.4,-4.6
190202,61.2,-5.9
190203,70.1,0.1
190204,71.6,-1.8
190205,78.3,1.3
190206,80.8,0.3
190207,81.7,-0.1
190208,82.2,0.0
190209,80.6,-0.5
190210,79.0,1.5
190211,74.3,2.5
190212,67.4,-0.1
190301,65.8,-0.2
190302,70.2,3.1
190303,73.3,3.3
190304,70.4,-3.0
190305,74.8,-2.2
190306,79.3,-1.2
190307,81.1,-0.7
190308,82.6,0.4
190309,79.5,-1.6
190310,74.5,-3.0
190311,68.9,-2.9
190312,60.8,-6.7
190401,63.9,-2.1
190402,68.4,1.3
190403,71.5,1.5
190404,72.9,-0.5
190405,76.3,-0.7
190406,78.9,-1.6
190407,80.2,-1.6
190408,80.7,-1.5
190409,80.3,-0.8
190410,77.2,-0.3
190411,67.5,-4.3
190412,65.3,-2.2
190501,60.9,-5.1
190502,68.2,1.1
190503,71.9,1.9
190504,73.4,0.0
190505,79.7,2.7
190506,80.6,0.1
190507,81.7,-0.1
190508,81.6,-0.6
190509,81.6,0.5
190510,78.6,1.1
190511,72.0,0.2
190512,67.5,0.0
190601,66.0,0.0
190602,66.3,-0.8
190603,67.4,-2.6
190604,73.1,-0.3
190605,76.9,-0.1
190606,79.9,-0.6
190607,80.9,-0.9
190608,80.7,-1.5
190609,81.0,-0.1
190610,76.4,-1.1
190611,72.2,0.4
190612,66.2,-1.3
190701,68.8,2.8
190702,65.6,-1.5
190703,73.2,3.2
190704,72.0,-1.4
190705,78.0,1.0
190706,79.5,-1.0
190707,81.4,-0.4
190708,81.6,-0.6
190709,81.2,0.1
190710,76.3,-1.2
190711,72.4,0.6
190712,67.5,0.0
190801,65.4,-0.6
190802,63.6,-3.5
190803,72.5,2.5
190804,78.8,5.4
190805,77.3,0.3
190806,79.1,-1.4
190807,81.5,-0.3
190808,81.4,-0.8
190809,80.1,-1.0
190810,75.5,-2.0
190811,71.1,-0.7
190812,69.9,2.4
190901,69.0,3.0
190902,66.9,-0.2
190903,70.6,0.6
190904,74.6,1.2
190905,77.6,0.6
190906,80.9,0.4
190907,81.1,-0.7
190908,81.6,-0.6
190909,79.9,-1.2
190910,76.4,-1.1
190911,71.4,-0.4
190912,64.1,-3.4
191001,63.6,-2.4
191002,65.6,-1.5
191003,68.0,-2.0
191004,70.7,-2.7
191005,76.0,-1.0
191006,78.8,-1.7
191007,79.7,-2.1
191008,80.5,-1.7
191009,78.9,-2.2
191010,75.7,-1.8
191011,65.7,-6.1
191012,59.4,-8.1
191101,66.8,0.8
191102,66.2,-0.9
191103,68.6,-1.4
191104,73.9,0.5
191105,73.7,-3.3
191106,79.2,-1.3
191107,79.4,-2.4
191108,80.5,-1.7
191109,79.9,-1.2
191110,78.8,1.3
191111,74.2,2.4
191112,69.3,1.8
191201,66.7,0.7
191202,62.1,-5.0
191203,72.8,2.8
191204,75.8,2.4
191205,77.0,0.0
191206,79.8,-0.7
191207,80.2,-1.6
191208,82.6,0.4
191209,81.6,0.5
191210,79.5,2.0
191211,70.3,-1.5
191212,69.2,1.7
191301,69.2,3.2
191302,68.8,1.7
191303,73.5,3.5
191304,69.6,-3.8
191305,73.2,-3.8
191306,76.9,-3.6
191307,80.2,-1.6
191308,80.0,-2.2
191309,78.2,-2.9
191310,73.9,-3.6
191311,70.3,-1.5
191312,66.3,-1.2
191401,63.4,-2.6
191402,65.6,-1.5
191403,61.6,-8.4
191404,72.8,-0.6
191405,73.6,-3.4
191406,78.8,-1.7
191407,79.9,-1.9
191408,80.2,-2.0
191409,78.9,-2.2
191410,75.9,-1.6
191411,69.6,-2.2
191412,67.2,-0.3
191501,64.5,-1.5
191502,64.6,-2.5
191503,59.9,-10.1
191504,68.1,-5.3
191505,76.8,-0.2
191506,78.0,-2.5
191507,80.5,-1.3
191508,82.1,-0.1
191509,79.9,-1.2
191510,77.4,-0.1
191511,70.0,-1.8
191512,62.9,-4.6
191601,69.4,3.4
191602,63.6,-3.5
191603,63.1,-6.9
191604,69.1,-4.3
191605,75.1,-1.9
191606,77.9,-2.6
191607,79.5,-2.3
191608,79.6,-2.6
191609,79.0,-2.1
191610,75.4,-2.1
191611,70.3,-1.5
191612,65.6,-1.9
191701,66.2,0.2
191702,63.4,-3.7
191703,70.2,0.2
191704,69.9,-3.5
191705,72.8,-4.2
191706,78.2,-2.3
191707,79.4,-2.4
191708,79.4,-2.8
191709,78.6,-2.5
191710,76.1,-1.4
191711,64.9,-6.9
191712,61.5,-6.0
191801,60.2,-5.8
191802,68.3,1.2
191803,70.1,0.1
191804,71.8,-1.6
191805,73.7,-3.3
191806,79.1,-1.4
191807,79.4,-2.4
191808,80.4,-1.8
191809,78.8,-2.3
191810,78.6,1.1
191811,70.2,-1.6
191812,64.8,-2.7
191901,63.3,-2.7
191902,65.2,-1.9
191903,69.9,-0.1
191904,70.0,-3.4
191905,75.1,-1.9
191906,77.8,-2.7
191907,80.2,-1.6
191908,81.2,-1.0
191909,79.3,-1.8
191910,78.5,1.0
191911,71.4,-0.4
191912,65.6,-1.9
192001,65.8,-0.2
192002,63.0,-4.1
192003,67.2,-2.8
192004,74.5,1.1
192005,74.6,-2.4
192006,77.2,-3.3
192007,80.2,-1.6
192008,79.8,-2.4
192009,79.2,-1.9
192010,73.9,-3.6
192011,70.6,-1.2
192012,67.2,-0.3
192101,65.5,-0.5
192102,67.4,0.3
192103,70.6,0.6
192104,72.8,-0.6
192105,73.0,-4.0
192106,78.4,-2.1
192107,80.5,-1.3
192108,80.8,-1.4
192109,80.6,-0.5
192110,77.7,0.2
192111,73.6,1.8
192112,68.0,0.5
192201,64.0,-2.0
192202,67.8,0.7
192203,70.3,0.3
192204,73.5,0.1
192205,75.6,-1.4
192206,79.4,-1.1
192207,79.9,-1.9
192208,79.9,-2.3
192209,78.9,-2.2
192210,77.0,-0.5
192211,71.3,-0.5
192212,69.9,2.4
192301,66.1,0.1
192302,68.0,0.9
192303,71.2,1.2
192304,74.1,0.7
192305,76.2,-0.8
192306,80.8,0.3
192307,81.2,-0.6
192308,81.2,-1.0
192309,79.5,-1.6
192310,74.4,-3.1
192311,66.4,-5.4
192312,68.0,0.5
192401,66.3,0.3
192402,62.6,-4.5
192403,66.3,-3.7
192404,73.5,0.1
192405,78.4,1.4
192406,80.8,0.3
192407,82.3,0.5
192408,81.8,-0.4
192409,79.2,-1.9
192410,77.4,-0.1
192411,71.3,-0.5
192412,69.0,1.5
192501,69.8,3.8
192502,65.4,-1.7
192503,67.7,-2.3
192504,69.9,-3.5
192505,74.2,-2.8
192506,79.1,-1.4
192507,80.6,-1.2
192508,80.8,-1.4
192509,81.1,0.0
192510,78.0,0.5
192511,70.4,-1.4
192512,66.5,-1.0
192601,64.0,-2.0
192602,64.0,-3.1
192603,64.3,-5.7
192604,72.3,-1.1
192605,74.7,-2.3
192606,78.7,-1.8
192607,80.2,-1.6
192608,81.6,-0.6
192609,81.4,0.3
192610,76.9,-0.6
192611,69.8,-2.0
192612,68.6,1.1
192701,64.0,-2.0
192702,70.4,3.3
192703,68.9,-1.1
192704,73.3,-0.1
192705,77.5,0.5
192706,81.4,0.9
192707,81.2,-0.6
192708,81.6,-0.6
192709,79.2,-1.9
192710,75.3,-2.2
192711,71.2,-0.6
192712,65.7,-1.8
192801,62.6,-3.4
192802,68.8,1.7
192803,70.3,0.3
192804,72.8,-0.6
192805,74.0,-3.0
192806,79.1,-1.4
192807,80.7,-1.1
192808,80.2,-2.0
192809,79.7,-1.4
192810,77.2,-0.3
192811,70.2,-1.6
192812,64.7,-2.8
192901,68.0,2.0
192902,69.9,2.8
192903,71.9,1.9
192904,73.9,0.5
192905,76.9,-0.1
192906,78.1,-2.4
192907,78.7,-3.1
192908,80.5,-1.7
192909,80.1,-1.0
192910,74.7,-2.8
192911,74.0,2.2
192912,66.5,-1.0
193001,70.0,4.0
193002,67.8,0.7
193003,67.4,-2.6
193004,72.1,-1.3
193005,77.1,0.1
193006,77.0,-3.5
193007,81.3,-0.5
193008,81.7,-0.5
193009,80.5,-0.6
193010,75.0,-2.5
193011,68.3,-3.5
193012,62.3,-5.2
193101,61.3,-4.7
193102,63.3,-3.8
193103,62.8,-7.2
193104,70.4,-3.0
193105,75.0,-2.0
193106,79.1,-1.4
193107,82.3,0.5
193108,82.3,0.1
193109,81.0,-0.1
193110,77.4,-0.1
193111,71.9,0.1
193112,72.2,4.7
193201,69.6,3.6
193202,71.2,4.1
193203,68.5,-1.5
193204,71.0,-2.4
193205,75.1,-1.9
193206,80.0,-0.5
193207,82.1,0.3
193208,81.4,-0.8
193209,80.7,-0.4
193210,77.0,-0.5
193211,68.6,-3.2
193212,68.8,1.3
193301,66.4,0.4
193302,69.4,2.3
193303,68.0,-2.0
193304,73.4,0.0
193305,77.6,0.6
193306,78.4,-2.1
193307,80.8,-1.0
193308,80.9,-1.3
193309,80.8,-0.3
193310,77.6,0.1
193311,67.6,-4.2
193312,66.3,-1.2
193401,66.1,0.1
193402,64.4,-2.7
193403,68.6,-1.4
193404,72.1,-1.3
193405,76.0,-1.0
193406,79.4,-1.1
193407,80.2,-1.6
193408,80.5,-1.7
193409,79.9,-1.2
193410,77.0,-0.5
193411,70.7,-1.1
193412,65.3,-2.2
193501,64.6,-1.4
193502,64.9,-2.2
193503,70.4,0.4
193504,73.7,0.3
193505,77.7,0.7
193506,79.1,-1.4
193507,80.4,-1.4
193508,81.4,-0.8
193509,79.8,-1.3
193510,77.2,-0.3
193511,69.5,-2.3
193512,59.5,-8.0
193601,66.5,0.5
193602,66.8,-0.3
193603,67.0,-3.0
193604,72.8,-0.6
193605,74.8,-2.2
193606,78.5,-2.0
193607,81.1,-0.7
193608,81.2,-1.0
193609,80.1,-1.0
193610,79.4,1.9
193611,70.8,-1.0
193612,68.5,1.0
193701,72.7,6.7
193702,67.1,0.0
193703,68.4,-1.6
193704,72.3,-1.1
193705,74.7,-2.3
193706,79.3,-1.2
193707,80.2,-1.6
193708,81.0,-1.2
193709,79.2,-1.9
193710,75.3,-2.2
193711,69.2,-2.6
193712,64.2,-3.3
193801,65.0,-1.0
193802,67.2,0.1
193803,70.9,0.9
193804,72.3,-1.1
193805,76.2,-0.8
193806,79.0,-1.5
193807,80.0,-1.8
193808,81.4,-0.8
193809,80.4,-0.7
193810,74.9,-2.6
193811,72.4,0.6
193812,65.5,-2.0
193901,66.4,0.4
193902,71.6,4.5
193903,70.9,0.9
193904,74.8,1.4
193905,76.2,-0.8
193906,79.7,-0.8
193907,80.8,-1.0
193908,80.9,-1.3
193909,80.5,-0.6
193910,78.3,0.8
193911,68.7,-3.1
193912,64.4,-3.1
194001,59.4,-6.6
194002,62.5,-4.6
194003,66.5,-3.5
194004,70.2,-3.2
194005,73.8,-3.2
194006,80.0,-0.5
194007,81.6,-0.2
194008,81.4,-0.8
194009,79.4,-1.7
194010,74.0,-3.5
194011,70.0,-1.8
194012,70.0,2.5
194101,64.3,-1.7
194102,62.7,-4.4
194103,65.0,-5.0
194104,71.8,-1.6
194105,73.9,-3.1
194106,80.0,-0.5
194107,81.0,-0.8
194108,82.5,0.3
194109,80.4,-0.7
194110,78.7,1.2
194111,71.9,0.1
194112,70.5,3.0
194201,63.8,-2.2
194202,62.0,-5.1
194203,68.0,-2.0
194204,71.1,-2.3
194205,75.3,-1.7
194206,79.9,-0.6
194207,82.1,0.3
194208,81.2,-1.0
194209,80.6,-0.5
194210,76.3,-1.2
194211,71.0,-0.8
194212,68.5,1.0
194301,67.5,1.5
194302,63.0,-4.1
194303,68.8,-1.2
194304,71.2,-2.2
194305,77.0,0.0
194306,79.6,-0.9
194307,80.4,-1.4
194308,81.6,-0.6
194309,80.4,-0.7
194310,74.6,-2.9
194311,69.8,-2.0
194312,65.2,-2.3
194401,63.4,-2.6
194402,68.9,1.8
194403,72.0,2.0
194404,75.1,1.7
194405,74.8,-2.2
194406,81.1,0.6
194407,81.7,-0.1
194408,81.8,-0.4
194409,81.4,0.3
194410,74.9,-2.6
194411,68.2,-3.6
194412,63.3,-4.2
194501,64.1,-1.9
194502,68.1,1.0
194503,71.6,1.6
194504,75.6,2.2
194505,75.2,-1.8
194506,80.6,0.1
194507,80.9,-0.9
194508,81.6,-0.6
194509,80.8,-0.3
194510,77.7,0.2
194511,69.5,-2.3
194512,65.6,-1.9
194601,67.0,1.0
194602,68.5,1.4
194603,70.5,0.5
194604,73.5,0.1
194605,77.8,0.8
194606,79.9,-0.6
194607,80.8,-1.0
194608,81.8,-0.4
194609,80.6,-0.5
194610,77.4,-0.1
194611,74.4,2.6
194612,70.4,2.9
194701,71.0,5.0
194702,61.7,-5.4
194703,66.3,-3.7
194704,76.5,3.1
194705,76.8,-0.2
194706,79.8,-0.7
194707,80.3,-1.5
194708,81.4,-0.8
194709,80.9,-0.2
194710,77.3,-0.2
194711,74.9,3.1
194712,68.6,1.1
194801,65.6,-0.4
194802,70.2,3.1
194803,74.4,4.4
194804,75.1,1.7
194805,77.1,0.1
194806,81.1,0.6
194807,81.6,-0.2
194808,81.8,-0.4
194809,81.1,0.0
194810,77.0,-0.5
194811,76.3,4.5
194812,72.1,4.6
194901,69.2,3.2
194902,72.4,5.3
194903,69.6,-0.4
194904,74.8,1.4
194905,76.5,-0.5
194906,80.0,-0.5
194907,81.8,0.0
194908,81.9,-0.3
194909,81.5,0.4
194910,78.5,1.0
194911,68.2,-3.6
194912,70.0,2.5
195001,70.7,4.7
195002,68.4,1.3
195003,70.4,0.4
195004,69.1,-4.3
195005,76.8,-0.2
195006,81.0,0.5
195007,80.7,-1.1
195008,81.7,-0.5
195009,81.1,0.0
195010,78.6,1.1
195011,68.3,-3.5
195012,63.6,-3.9
195101,63.5,-2.5
195102,64.0,-3.1
195103,68.8,-1.2
195104,72.8,-0.6
195105,76.5,-0.5
195106,80.8,0.3
195107,81.5,-0.3
195108,83.2,1.0
195109,82.3,1.2
195110,77.6,0.1
195111,70.2,-1.6
195112,71.1,3.6
195201,67.1,1.1
195202,66.3,-0.8
195203,72.5,2.5
195204,71.3,-2.1
195205,77.2,0.2
195206,81.7,1.2
195207,82.0,0.2
195208,82.5,0.3
195209,81.8,0.7
195210,77.7,0.2
195211,71.7,-0.1
195212,65.2,-2.3
195301,65.2,-0.8
195302,69.0,1.9
195303,72.2,2.2
195304,74.0,0.6
195305,78.7,1.7
195306,80.3,-0.2
195307,81.7,-0.1
195308,82.4,0.2
195309,81.4,0.3
195310,75.2,-2.3
195311,71.4,-0.4
195312,68.7,1.2
195401,67.8,1.8
195402,65.9,-1.2
195403,67.8,-2.2
195404,75.0,1.6
195405,77.5,0.5
195406,80.1,-0.4
195407,81.7,-0.1
195408,83.3,1.1
195409,81.3,0.2
195410,76.6,-0.9
195411,69.7,-2.1
195412,63.2,-4.3
195501,63.9,-2.1
195502,66.9,-0.2
195503,70.2,0.2
195504,73.7,0.3
195505,76.4,-0.6
195506,79.5,-1.0
195507,80.7,-1.1
195508,82.9,0.7
195509,81.5,0.4
195510,75.7,-1.8
195511,71.0,-0.8
195512,68.1,0.6
195601,61.0,-5.0
195602,69.7,2.6
195603,68.2,-1.8
195604,72.2,-1.2
195605,78.1,1.1
195606,79.6,-0.9
195607,81.7,-0.1
195608,83.0,0.8
195609,80.0,-1.1
195610,77.3,-0.2
195611,68.5,-3.3
195612,67.4,-0.1
195701,67.6,1.6
195702,71.0,3.9
195703,69.1,-0.9
195704,75.5,2.1
195705,77.8,0.8
195706,81.0,0.5
195707,82.2,0.4
195708,82.2,0.0
195709,81.2,0.1
195710,76.0,-1.5
195711,73.4,1.6
195712,64.7,-2.8
195801,60.7,-5.3
195802,58.4,-8.7
195803,68.8,-1.2
195804,73.6,0.2
195805,76.3,-0.7
195806,81.2,0.7
195807,82.3,0.5
195808,83.2,1.0
195809,82.0,0.9
195810,76.4,-1.1
195811,75.3,3.5
195812,68.1,0.6
195901,65.3,-0.7
195902,73.4,6.3
195903,70.1,0.1
195904,73.9,0.5
195905,77.0,0.0
195906,80.5,0.0
195907,81.0,-0.8
195908,81.1,-1.1
195909,80.5,-0.6
195910,79.8,2.3
195911,73.4,1.6
195912,66.0,-1.5
196001,64.9,-1.1
196002,66.1,-1.0
196003,66.4,-3.6
196004,73.0,-0.4
196005,75.1,-1.9
196006,80.0,-0.5
196007,82.5,0.7
196008,82.0,-0.2
196009,81.1,0.0
196010,78.9,1.4
196011,73.4,1.6
196012,64.4,-3.1
196101,63.6,-2.4
196102,68.3,1.2
196103,71.8,1.8
196104,72.6,-0.8
196105,76.6,-0.4
196106,80.3,-0.2
196107,82.2,0.4
196108,82.3,0.1
196109,80.9,-0.2
196110,76.3,-1.2
196111,71.8,0.0
196112,67.0,-0.5
196201,66.4,0.4
196202,69.7,2.6
196203,68.7,-1.3
196204,72.0,-1.4
196205,75.6,-1.4
196206,79.9,-0.6
196207,82.9,1.1
196208,82.6,0.4
196209,81.1,0.0
196210,77.5,0.0
196211,67.3,-4.5
196212,62.3,-5.2
196301,65.7,-0.3
196302,64.8,-2.3
196303,71.7,1.7
196304,72.7,-0.7
196305,75.6,-1.4
196306,80.5,0.0
196307,82.6,0.8
196308,82.8,0.6
196309,81.4,0.3
196310,75.9,-1.6
196311,70.2,-1.6
196312,61.7,-5.8
196401,65.6,-0.4
196402,64.0,-3.1
196403,72.7,2.7
196404,75.2,1.8
196405,76.5,-0.5
196406,80.3,-0.2
196407,82.1,0.3
196408,82.7,0.5
196409,81.4,0.3
196410,76.1,-1.4
196411,73.3,1.5
196412,70.3,2.8
196501,65.7,-0.3
196502,69.1,2.0
196503,71.2,1.2
196504,75.0,1.6
196505,75.7,-1.3
196506,80.0,-0.5
196507,80.8,-1.0
196508,81.9,-0.3
196509,80.9,-0.2
196510,77.0,-0.5
196511,72.6,0.8
196512,67.1,-0.4
196601,64.4,-1.6
196602,67.1,0.0
196603,68.2,-1.8
196604,72.1,-1.3
196605,77.3,0.3
196606,78.8,-1.7
196607,82.0,0.2
196608,82.4,0.2
196609,81.7,0.6
196610,78.1,0.6
196611,69.4,-2.4
196612,64.8,-2.7
196701,68.6,2.6
196702,66.8,-0.3
196703,70.8,0.8
196704,73.1,-0.3
196705,77.5,0.5
196706,79.6,-0.9
196707,82.0,0.2
196708,81.3,-0.9
196709,81.1,0.0
196710,76.5,-1.0
196711,71.1,-0.7
196712,69.7,2.2
196801,65.4,-0.6
196802,61.7,-5.4
196803,65.7,-4.3
196804,74.4,1.0
196805,77.0,0.0
196806,79.7,-0.8
196807,81.6,-0.2
196808,82.4,0.2
196809,81.0,-0.1
196810,76.9,-0.6
196811,69.2,-2.6
196812,64.6,-2.9
196901,65.7,-0.3
196902,63.6,-3.5
196903,65.8,-4.2
196904,75.4,2.0
196905,77.5,0.5
196906,81.2,0.7
196907,83.2,1.4
196908,82.5,0.3
196909,81.3,0.2
196910,79.1,1.6
196911,69.0,-2.8
196912,63.8,-3.7
197001,62.7,-3.3
197002,63.3,-3.8
197003,69.6,-0.4
197004,76.2,2.8
197005,76.2,-0.8
197006,80.4,-0.1
197007,81.9,0.1
197008,83.0,0.8
197009,81.3,0.2
197010,78.4,0.9
197011,68.1,-3.7
197012,67.9,0.4
197101,65.6,-0.4
197102,68.0,0.9
197103,67.6,-2.4
197104,71.7,-1.7
197105,77.7,0.7
197106,80.1,-0.4
197107,81.6,-0.2
197108,81.6,-0.6
197109,80.6,-0.5
197110,78.7,1.2
197111,72.8,1.0
197112,72.5,5.0
197201,71.5,5.5
197202,67.6,0.5
197203,71.3,1.3
197204,74.1,0.7
197205,77.2,0.2
197206,80.1,-0.4
197207,81.1,-0.7
197208,82.2,0.0
197209,80.9,-0.2
197210,78.2,0.7
197211,73.2,1.4
197212,69.7,2.2
197301,68.0,2.0
197302,62.9,-4.2
197303,72.1,2.1
197304,73.9,0.5
197305,78.0,1.0
197306,80.7,0.2
197307,81.8,0.0
197308,81.5,-0.7
197309,81.4,0.3
197310,77.2,-0.3
197311,74.2,2.4
197312,64.8,-2.7
197401,72.3,6.3
197402,66.2,-0.9
197403,73.0,3.0
197404,73.6,0.2
197405,77.7,0.7
197406,80.4,-0.1
197407,81.4,-0.4
197408,82.4,0.2
197409,82.8,1.7
197410,76.3,-1.2
197411,71.1,-0.7
197412,67.1,-0.4
197501,70.6,4.6
197502,71.7,4.6
197503,71.7,1.7
197504,75.6,2.2
197505,78.6,1.6
197506,81.3,0.8
197507,81.0,-0.8
197508,82.2,0.0
197509,81.6,0.5
197510,78.6,1.1
197511,71.2,-0.6
197512,66.9,-0.6
197601,62.8,-3.2
197602,66.7,-0.4
197603,73.2,3.2
197604,72.2,-1.2
197605,77.6,0.6
197606,78.6,-1.9
197607,82.0,0.2
197608,82.0,-0.2
197609,80.9,-0.2
197610,76.2,-1.3
197611,71.2,-0.6
197612,66.8,-0.7
197701,59.7,-6.3
197702,64.6,-2.5
197703,73.3,3.3
197704,73.3,-0.1
197705,75.6,-1.4
197706,81.4,0.9
197707,82.4,0.6
197708,82.4,0.2
197709,81.9,0.8
197710,75.6,-1.9
197711,72.3,0.5
197712,67.1,-0.4
197801,62.0,-4.0
197802,61.4,-5.7
197803,67.9,-2.1
197804,73.1,-0.3
197805,78.4,1.4
197806,81.8,1.3
197807,82.3,0.5
197808,82.3,0.1
197809,81.4,0.3
197810,78.2,0.7
197811,74.6,2.8
197812,71.9,4.4
197901,64.4,-1.6
197902,65.4,-1.7
197903,68.6,-1.4
197904,75.4,2.0
197905,77.6,0.6
197906,81.2,0.7
197907,83.0,1.2
197908,82.5,0.3
197909,81.6,0.5
197910,77.9,0.4
197911,73.8,2.0
197912,68.4,0.9
198001,66.1,0.1
198002,62.5,-4.6
198003,71.5,1.5
198004,74.2,0.8
198005,78.0,1.0
198006,81.1,0.6
198007,82.5,0.7
198008,82.8,0.6
198009,81.4,0.3
198010,78.7,1.2
198011,72.2,0.4
198012,64.9,-2.6
198101,57.6,-8.4
198102,66.9,-0.2
198103,67.4,-2.6
198104,74.7,1.3
198105,77.5,0.5
198106,82.0,1.5
198107,82.9,1.1
198108,82.2,0.0
198109,80.5,-0.6
198110,78.4,0.9
198111,69.6,-2.2
198112,66.0,-1.5
198201,66.1,0.1
198202,72.4,5.3
198203,73.4,3.4
198204,75.9,2.5
198205,75.7,-1.3
198206,81.3,0.8
198207,83.0,1.2
198208,82.6,0.4
198209,81.8,0.7
198210,77.0,-0.5
198211,73.7,1.9
198212,70.3,2.8
198301,65.7,-0.3
198302,66.5,-0.6
198303,67.3,-2.7
198304,71.2,-2.2
198305,77.1,0.1
198306,81.1,0.6
198307,83.3,1.5
198308,83.2,1.0
198309,81.6,0.5
198310,78.6,1.1
198311,72.1,0.3
198312,69.6,2.1
198401,65.9,-0.1
198402,67.9,0.8
198403,70.0,0.0
198404,73.2,-0.2
198405,77.6,0.6
198406,79.7,-0.8
198407,81.6,-0.2
198408,82.3,0.1
198409,80.2,-0.9
198410,77.7,0.2
198411,71.1,-0.7
198412,69.9,2.4
198501,61.6,-4.4
198502,67.4,0.3
198503,71.6,1.6
198504,73.3,-0.1
198505,77.8,0.8
198506,82.0,1.5
198507,81.0,-0.8
198508,82.5,0.3
198509,80.5,-0.6
198510,79.9,2.4
198511,74.9,3.1
198512,66.0,-1.5
198601,64.9,-1.1
198602,68.8,1.7
198603,68.2,-1.8
198604,70.8,-2.6
198605,76.7,-0.3
198606,80.5,0.0
198607,82.2,0.4
198608,82.3,0.1
198609,82.2,1.1
198610,79.2,1.7
198611,77.9,6.1
198612,72.2,4.7
198701,65.4,-0.6
198702,69.5,2.4
198703,70.4,0.4
198704,68.9,-4.5
198705,77.0,0.0
198706,82.3,1.8
198707,83.3,1.5
198708,84.1,1.9
198709,82.6,1.5
198710,76.1,-1.4
198711,73.8,2.0
198712,68.2,0.7
198801,65.9,-0.1
198802,66.0,-1.1
198803,69.0,-1.0
198804,73.8,0.4
198805,76.2,-0.8
198806,80.7,0.2
198807,82.0,0.2
198808,82.5,0.3
198809,82.8,1.7
198810,77.2,-0.3
198811,74.9,3.1
198812,68.4,0.9
198901,70.6,4.6
198902,68.8,1.7
198903,71.3,1.3
198904,74.8,1.4
198905,78.7,1.7
198906,81.1,0.6
198907,82.0,0.2
198908,83.0,0.8
198909,82.8,1.7
198910,77.5,0.0
198911,74.1,2.3
198912,64.4,-3.1
199001,71.8,5.8
199002,72.3,5.2
199003,72.4,2.4
199004,73.8,0.4
199005,78.8,1.8
199006,81.7,1.2
199007,82.4,0.6
199008,83.0,0.8
199009,82.4,1.3
199010,79.1,1.6
199011,73.2,1.4
199012,71.3,3.8
199101,71.7,5.7
199102,69.0,1.9
199103,72.5,2.5
199104,76.8,3.4
199105,79.7,2.7
199106,82.0,1.5
199107,82.7,0.9
199108,83.3,1.1
199109,81.5,0.4
199110,77.9,0.4
199111,71.4,-0.4
199112,70.6,3.1
199201,65.9,-0.1
199202,68.9,1.8
199203,70.1,0.1
199204,72.6,-0.8
199205,75.4,-1.6
199206,80.6,0.1
199207,83.2,1.4
199208,82.9,0.7
199209,82.2,1.1
199210,77.7,0.2
199211,75.2,3.4
199212,69.3,1.8
199301,71.2,5.2
199302,67.0,-0.1
199303,69.3,-0.7
199304,71.6,-1.8
199305,76.8,-0.2
199306,81.8,1.3
199307,83.3,1.5
199308,83.2,1.0
199309,81.9,0.8
199310,79.5,2.0
199311,74.1,2.3
199312,66.8,-0.7
199401,67.4,1.4
199402,71.7,4.6
199403,71.8,1.8
199404,76.2,2.8
199405,79.2,2.2
199406,82.6,2.1
199407,82.2,0.4
199408,82.0,-0.2
199409,80.9,-0.2
199410,78.6,1.1
199411,75.7,3.9
199412,70.8,3.3
199501,65.4,-0.6
199502,65.8,-1.3
199503,71.4,1.4
199504,75.2,1.8
199505,80.9,3.9
199506,81.4,0.9
199507,83.0,1.2
199508,83.3,1.1
199509,82.5,1.4
199510,80.3,2.8
199511,72.0,0.2
199512,66.1,-1.4
199601,66.2,0.2
199602,65.1,-2.0
199603,67.8,-2.2
199604,73.3,-0.1
199605,79.1,2.1
199606,80.5,0.0
199607,83.4,1.6
199608,82.2,0.0
199609,82.4,1.3
199610,77.5,0.0
199611,73.0,1.2
199612,68.7,1.2
199701,66.9,0.9
199702,72.6,5.5
199703,74.5,4.5
199704,74.7,1.3
199705,78.9,1.9
199706,81.7,1.2
199707,83.3,1.5
199708,83.5,1.3
199709,81.2,0.1
199710,77.6,0.1
199711,72.9,1.1
199712,68.4,0.9
199801,69.0,3.0
199802,68.6,1.5
199803,68.8,-1.2
199804,74.3,0.9
199805,79.5,2.5
199806,84.5,4.0
199807,84.0,2.2
199808,84.3,2.1
199809,82.7,1.6
199810,79.6,2.1
199811,75.1,3.3
199812,71.9,4.4
199901,68.8,2.8
199902,68.2,1.1
199903,68.6,-1.4
199904,75.6,2.2
199905,77.5,0.5
199906,80.2,-0.3
199907,82.8,1.0
199908,83.4,1.2
199909,81.6,0.5
199910,78.3,0.8
199911,72.9,1.1
199912,69.1,1.6
200001,67.2,1.2
200002,68.0,0.9
200003,73.2,3.2
200004,73.5,0.1
200005,78.5,1.5
200006,81.1,0.6
200007,82.9,1.1
200008,82.6,0.4
200009,82.6,1.5
200010,76.7,-0.8
200011,72.0,0.2
200012,67.7,0.2
200101,61.3,-4.7
200102,72.6,5.5
200103,71.9,1.9
200104,74.1,0.7
200105,76.4,-0.6
200106,81.5,1.0
200107,81.9,0.1
200108,83.4,1.2
200109,81.1,0.0
200110,78.6,1.1
200111,73.0,1.2
200112,72.0,4.5
200201,68.6,2.6
200202,68.9,1.8
200203,73.6,3.6
200204,76.6,3.2
200205,79.4,2.4
200206,80.2,-0.3
200207,82.4,0.6
200208,82.9,0.7
200209,82.5,1.4
200210,80.2,2.7
200211,71.9,0.1
200212,68.6,1.1
200301,61.4,-4.6
200302,70.9,3.8
200303,77.1,7.1
200304,73.6,0.2
200305,80.5,3.5
200306,81.8,1.3
200307,83.2,1.4
200308,82.5,0.3
200309,82.3,1.2
200310,79.8,2.3
200311,75.1,3.3
200312,65.7,-1.8
200401,65.7,-0.3
200402,69.8,2.7
200403,71.5,1.5
200404,72.2,-1.2
200405,78.0,1.0
200406,82.8,2.3
200407,82.3,0.5
200408,83.2,1.0
200409,82.1,1.0
200410,78.2,0.7
200411,73.7,1.9
200412,67.6,0.1
200501,66.9,0.9
200502,67.4,0.3
200503,70.1,0.1
200504,71.7,-1.7
200505,77.5,0.5
200506,81.0,0.5
200507,84.4,2.6
200508,84.8,2.6
200509,82.5,1.4
200510,78.9,1.4
200511,73.9,2.1
200512,67.8,0.3
200601,67.5,1.5
200602,66.3,-0.8
200603,70.4,0.4
200604,75.0,1.6
200605,77.6,0.6
200606,81.6,1.1
200607,82.0,0.2
200608,83.2,1.0
200609,82.3,1.2
200610,78.4,0.9
200611,71.2,-0.6
200612,73.2,5.7
200701,71.0,5.0
200702,67.5,0.4
200703,72.0,2.0
200704,73.2,-0.2
200705,77.0,0.0
200706,80.8,0.3
200707,83.8,2.0
200708,84.2,2.0
200709,82.2,1.1
200710,80.8,3.3
200711,73.1,1.3
200712,72.5,5.0
200801,67.8,1.8
200802,72.3,5.2
200803,72.2,2.2
200804,74.0,0.6
200805,79.0,2.0
200806,81.8,1.3
200807,82.1,0.3
200808,83.2,1.0
200809,82.3,1.2
200810,77.1,-0.4
200811,69.7,-2.1
200812,69.6,2.1
200901,65.6,-0.4
200902,65.5,-1.6
200903,70.1,0.1
200904,74.6,1.2
200905,78.6,1.6
200906,81.9,1.4
200907,83.4,1.6
200908,84.1,1.9
200909,82.9,1.8
200910,80.5,3.0
200911,73.8,2.0
200912,70.7,3.2
201001,61.2,-4.8
201002,62.3,-4.8
201003,65.1,-4.9
201004,73.2,-0.2
201005,80.5,3.5
201006,84.7,4.2
201007,83.8,2.0
201008,84.2,2.0
201009,82.7,1.6
201010,78.1,0.6
201011,72.0,0.2
201012,60.0,-7.5
201101,65.4,-0.6
201102,69.8,2.7
201103,71.6,1.6
201104,77.8,4.4
201105,79.2,2.2
201106,82.2,1.7
201107,83.4,1.6
201108,83.9,1.7
201109,82.9,1.8
201110,77.4,-0.1
201111,73.9,2.1
201112,71.0,3.5
201201,66.9,0.9
201202,71.6,4.5
201203,73.8,3.8
201204,73.9,0.5
201205,78.4,1.4
201206,81.4,0.9
201207,82.2,0.4
201208,83.0,0.8
201209,81.8,0.7
201210,78.3,0.8
201211,69.4,-2.4
201212,70.4,2.9
201301,72.0,6.0
201302,70.6,3.5
201303,66.3,-3.7
201304,76.6,3.2
201305,77.6,0.6
201306,82.4,1.9
201307,82.1,0.3
201308,83.5,1.3
201309,82.3,1.2
201310,79.4,1.9
201311,76.2,4.4
201312,74.2,6.7
201401,66.7,0.7
201402,73.3,6.2
201403,72.0,2.0
201404,75.7,2.3
201405,79.2,2.2
201406,80.9,0.4
201407,83.4,1.6
201408,84.5,2.3
201409,82.1,1.0
201410,78.7,1.2
201411,71.4,-0.4
201412,69.7,2.2
201501,69.8,3.8
201502,66.7,-0.4
201503,75.5,5.5
201504,78.6,5.2
201505,79.4,2.4
201506,82.7,2.2
201507,83.8,2.0
201508,84.3,2.1
201509,83.5,2.4
201510,80.5,3.0
201511,78.6,6.8
201512,77.2,9.7
201601,67.0,1.0
201602,67.2,0.1
201603,75.2,5.2
201604,75.5,2.1
201605,79.3,2.3
201606,83.4,2.9
201607,84.6,2.8
201608,84.1,1.9
201609,83.3,2.2
201610,79.5,2.0
201611,73.4,1.6
201612,75.3,7.8
201701,69.5,3.5
201702,71.7,4.6
201703,71.6,1.6
201704,75.9,2.5
201705,80.0,3.0
201706,82.5,2.0
201707,84.2,2.4
201708,84.4,2.2
201709,83.8,2.7
201710,79.2,1.7
201711,75.2,3.4
201712,69.6,2.1
201801,66.3,0.3
201802,75.0,7.9
201803,69.5,-0.5
201804,75.9,2.5
201805,78.4,1.4
201806,82.6,2.1
201807,83.8,2.0
201808,83.6,1.4
201809,83.4,2.3
201810,81.0,3.5
201811,76.1,4.3
201812,71.0,3.5
201901,67.3,1.3
201902,74.4,7.3
201903,72.8,2.8
201904,76.4,3.0
201905,80.6,3.6
201906,83.8,3.3
201907,84.3,2.5
201908,84.2,2.0
201909,83.7,2.6
201910,82.1,4.6
201911,74.4,2.6
201912,71.9,4.4
202001,69.6,3.6
202002,71.9,4.8
202003,74.5,4.5
202004,79.7,6.3
202005,78.1,1.1
202006,83.0,2.5
202007,83.8,2.0
202008,84.5,2.3
202009,83.1,2.0
202010,81.0,3.5
202011,76.3,4.5
202012,67.4,-0.1
202101,67.6,1.6
202102,73.6,6.5
202103,73.4,3.4
202104,75.6,2.2
202105,79.3,2.3
202106,81.4,0.9
202107,82.7,0.9
202108,83.7,1.5
202109,82.2,1.1
202110,79.8,2.3
202111,72.2,0.4
202112,73.0,5.5
202201,68.2,2.2
202202,71.8,4.7
202203,75.4,5.4
202204,77.1,3.7
202205,80.0,3.0
202206,82.0,1.5
202207,84.0,2.2
202208,84.7,2.5
202209,82.7,1.6
202210,78.4,0.9
202211,78.0,6.2
202212,71.0,3.5
202301,70.3,4.3
202302,74.1,7.0
202303,74.9,4.9
202304,77.5,4.1
202305,79.3,2.3
